{"action": "pda_util", "t": [7, 0, 53, 20, 24, 10, 2021], "mill": [72659.52344, 1004.27478], "trf": [73532.92188, 0, 0, 0, 15075.98535, 0]}