{"action": "pda_util", "t": [0, 0, 12, 20, 24, 10, 2021], "mill": [70199.52344, 1004.27478], "trf": [71072.94531, 0, 0, 0, 14832.60645, 0]}