{"action": "pda_util", "t": [2, 0, 10, 20, 24, 10, 2021], "mill": [70079.51563, 1004.27478], "trf": [70952.94531, 0, 0, 0, 14832.60645, 0]}