{"action": "pda_util", "t": [5, 0, 36, 20, 24, 10, 2021], "mill": [71639.52344, 1004.27478], "trf": [72512.94531, 0, 0, 0, 15075.98535, 0]}