{"action": "pda_util", "t": [2, 0, 48, 1, 18, 10, 2021], "mill": [4020.805908, 2112.709229], "trf": [4891.500977, 0, 0, 0, 2529.100586, 0]}