{"action": "pda_util", "t": [4, 0, 18, 16, 18, 10, 2021], "mill": [56220.61719, 11714.73047], "trf": [57091.66016, 0, 0, 0, 32704.51367, 86.38963318]}